Starters;Tm;MP;FG;FGA;3P;3PA;FT;FTA;ORB;DRB;TRB;AST;STL;BLK;TOV;PF;PTS;FG%;3P%;FT%;Team;Year
Allen Iverson;PHI;28:00:00;10;18;2;2;4;5;2;0;2;9;2;0;5;0;26;.556;1.000;.800;East;2000
Vince Carter;TOR;28:00:00;6;11;0;2;0;0;2;2;4;2;2;0;2;0;12;.545;.000;;East;2000
Alonzo Mourning;MIA;27:00:00;7;11;0;0;1;2;2;5;7;1;3;4;1;4;15;.636;;.500;East;2000
Eddie Jones;CHH;21:00;4;7;2;3;0;0;1;3;4;3;1;0;1;1;10;.571;.667;;East;2000
Grant Hill;DET;19:00;3;7;0;1;1;1;0;3;3;5;1;0;3;0;7;.429;.000;1.000;East;2000
Reggie Miller;IND;21:00;1;7;1;6;2;2;0;2;2;3;1;0;1;1;5;.143;.167;1.000;East;2000
Allan Houston;NYK;18:00;3;10;1;3;4;4;0;0;0;2;1;0;1;1;11;.300;.333;1.000;East;2000
Ray Allen;MIL;17:00;4;13;1;6;5;6;1;0;1;2;3;1;3;2;14;.308;.167;.833;East;2000
Glenn Robinson;MIL;17:00;5;10;0;0;0;0;2;4;6;0;0;0;0;0;10;.500;;;East;2000
Dikembe Mutombo;ATL;16:00;2;4;0;0;0;0;2;6;8;0;0;0;2;0;4;.500;;;East;2000
Jerry Stackhouse;DET;14:00;4;7;0;0;0;0;0;1;1;2;0;0;1;2;8;.571;;;East;2000
Dale Davis;IND;14:00;2;3;0;0;0;0;3;5;8;1;0;0;0;0;4;.667;;;East;2000
Kevin Garnett;MIN;35:00:00;10;19;0;1;4;4;3;7;10;5;1;1;0;1;24;.526;.000;1.000;West;2000
Jason Kidd;PHO;34:00:00;4;9;3;6;0;0;0;5;5;14;4;0;6;0;11;.444;.500;;West;2000
Tim Duncan;SAS;33:00:00;12;14;0;0;0;0;7;7;14;4;1;1;2;3;24;.857;;;West;2000
Kobe Bryant;LAL;28:00:00;7;16;1;4;0;0;1;0;1;3;2;0;1;3;15;.438;.250;;West;2000
Shaquille O'Neal;LAL;25:00:00;11;20;0;0;0;2;4;5;9;3;0;3;4;2;22;.550;;.000;West;2000
Rasheed Wallace;POR;21:00;3;6;0;0;3;4;2;2;4;0;1;1;0;0;9;.500;;.750;West;2000
Gary Payton;SEA;20:00;1;8;0;4;3;3;0;4;4;8;2;0;2;1;5;.125;.000;1.000;West;2000
Chris Webber;SAC;13:00;3;10;0;0;0;0;3;5;8;3;1;0;2;2;6;.300;;;West;2000
John Stockton;UTA;11:00;5;5;0;0;0;0;0;0;0;2;1;0;0;2;10;1.000;;;West;2000
Michael Finley;DAL;10:00;5;6;1;2;0;0;0;1;1;0;0;0;1;0;11;.833;.500;;West;2000
David Robinson;SAS;07:00;0;1;0;0;0;0;1;1;2;0;0;0;1;1;0;.000;;;West;2000
Karl Malone;UTA;03:00;0;1;0;0;0;0;0;0;0;0;0;0;0;0;0;.000;;;West;2000
Kobe Bryant;LAL;30:00:00;9;17;1;2;0;0;2;2;4;7;1;0;3;3;19;.529;.500;;West;2001
Jason Kidd;PHO;30:00:00;4;6;3;4;0;0;0;4;4;2;5;0;5;3;11;.667;.750;;West;2001
Chris Webber;SAC;29:00:00;6;14;0;1;2;4;4;5;9;3;1;0;1;2;14;.429;.000;.500;West;2001
Tim Duncan;SAS;28:00:00;5;11;0;0;4;4;4;10;14;1;2;1;2;1;14;.455;;1.000;West;2001
Kevin Garnett;MIN;27:00:00;7;12;0;0;0;0;1;3;4;4;1;3;2;0;14;.583;;;West;2001
Rasheed Wallace;POR;21:00;1;7;0;1;0;0;1;3;4;2;1;0;2;0;2;.143;.000;;West;2001
Michael Finley;DAL;19:00;5;15;0;2;2;2;2;1;3;5;0;0;1;0;12;.333;.000;1.000;West;2001
Gary Payton;SEA;18:00;0;5;0;0;0;0;2;2;4;5;2;0;1;2;0;.000;;;West;2001
Antonio McDyess;DEN;15:00;4;9;0;0;0;0;3;5;8;2;1;0;0;2;8;.444;;;West;2001
David Robinson;SAS;10:00;3;5;0;0;2;4;2;2;4;0;0;0;1;3;8;.600;;.500;West;2001
Vlade Divac;SAC;09:00;4;6;0;1;0;0;1;2;3;1;2;0;1;0;8;.667;.000;;West;2001
Karl Malone;UTA;04:00;0;2;0;0;0;0;0;1;1;0;0;0;0;0;0;.000;;;West;2001
Allen Iverson;PHI;27:00:00;9;21;1;1;6;6;0;2;2;5;4;0;4;0;25;.429;1.000;1.000;West;2001
Vince Carter;TOR;24:00:00;7;18;1;4;1;1;1;2;3;4;1;1;3;1;16;.389;.250;1.000;West;2001
Tracy McGrady;ORL;21:00;1;4;0;1;0;0;1;0;1;0;2;1;4;0;2;.250;.000;;West;2001
Antonio Davis;TOR;20:00;4;11;0;0;0;0;7;2;9;0;1;1;0;0;8;.364;;;West;2001
Anthony Mason;MIA;20:00;0;3;0;0;0;0;2;2;4;1;1;0;2;2;0;.000;;;West;2001
Dikembe Mutombo;ATL;28:00:00;2;2;0;0;2;2;3;19;22;0;2;3;2;5;6;1.000;;1.000;West;2001
Ray Allen;MIL;19:00;7;15;1;7;0;0;1;2;3;2;1;1;1;0;15;.467;.143;;West;2001
Stephon Marbury;NJN;18:00;5;9;2;3;0;2;0;0;0;4;0;0;3;2;12;.556;.667;.000;West;2001
Glenn Robinson;MIL;18:00;4;7;0;0;0;0;1;3;4;1;1;1;0;0;8;.571;;;West;2001
Latrell Sprewell;NYK;15:00;3;6;0;1;1;3;1;0;1;4;0;0;1;1;7;.500;.000;.333;West;2001
Jerry Stackhouse;DET;15:00;3;8;1;1;0;2;2;0;2;2;0;0;0;1;7;.375;1.000;.000;West;2001
Allan Houston;NYK;15:00;2;5;1;2;0;0;0;3;3;3;0;0;1;0;5;.400;.500;;West;2001
Allen Iverson;PHI;25:00:00;2;9;0;0;1;2;1;3;4;3;0;0;2;0;5;.222;;.500;East;2002
Michael Jordan;WAS;22:00;4;13;0;0;0;0;0;4;4;3;2;0;1;1;8;.308;;;East;2002
Dikembe Mutombo;PHI;21:00;3;5;0;0;2;2;6;4;10;0;0;1;2;0;8;.600;;1.000;East;2002
Jason Kidd;NJN;18:00;1;2;0;1;0;0;0;1;1;3;1;0;1;0;2;.500;.000;;East;2002
Antoine Walker;BOS;16:00;3;8;2;4;0;0;0;2;2;1;1;0;2;1;8;.375;.500;;East;2002
Ray Allen;MIL;25:00:00;6;17;3;10;0;0;1;2;3;5;3;0;1;3;15;.353;.300;;East;2002
Tracy McGrady;ORL;23:00;9;15;2;4;4;4;2;1;3;4;3;0;1;1;24;.600;.500;1.000;East;2002
Paul Pierce;BOS;23:00;9;18;1;6;0;0;3;4;7;3;1;0;0;1;19;.500;.167;;East;2002
Shareef Abdur-Rahim;ATL;21:00;4;4;1;1;0;0;1;5;6;0;0;0;0;2;9;1.000;1.000;;East;2002
Jermaine O'Neal;IND;17:00;2;5;0;0;3;4;0;7;7;0;0;0;1;1;7;.400;;.750;East;2002
Alonzo Mourning;MIA;16:00;6;7;0;0;1;1;1;2;3;2;0;2;1;1;13;.857;;1.000;East;2002
Baron Davis;CHH;13:00;1;5;0;3;0;0;0;1;1;5;0;0;3;1;2;.200;.000;;East;2002
Kobe Bryant;LAL;30:00:00;12;25;0;4;7;7;2;3;5;5;1;0;0;2;31;.480;.000;1.000;West;2002
Tim Duncan;SAS;29:00:00;7;11;0;0;0;0;3;11;14;2;0;2;3;1;14;.636;;;West;2002
Kevin Garnett;MIN;24:00:00;7;15;0;1;0;0;6;6;12;2;2;0;0;1;14;.467;.000;;West;2002
Chris Webber;SAC;20:00;3;7;1;2;1;4;3;0;3;4;1;0;2;2;8;.429;.500;.250;West;2002
Steve Francis;HOU;18:00;1;8;0;1;1;2;1;1;2;3;2;0;2;1;3;.125;.000;.500;West;2002
Dirk Nowitzki;DAL;24:00:00;5;11;1;4;1;1;2;6;8;3;0;0;2;1;12;.455;.250;1.000;West;2002
Steve Nash;DAL;24:00:00;3;9;2;4;0;0;2;1;3;9;1;0;0;1;8;.333;.500;;West;2002
Gary Payton;SEA;22:00;7;13;4;6;0;0;0;1;1;6;3;0;3;1;18;.538;.667;;West;2002
Elton Brand;LAC;19:00;3;5;0;0;0;0;5;5;10;1;0;1;2;2;6;.600;;;West;2002
Peja Stojakovic;SAC;18:00;4;10;3;5;0;0;2;0;2;1;0;0;0;0;11;.400;.600;;West;2002
Wally Szczerbiak;MIN;12:00;4;6;2;3;0;0;1;2;3;3;1;0;0;0;10;.667;.667;;West;2002
Allen Iverson;PHI;41:00:00;13;23;1;3;8;9;3;2;5;7;5;0;6;2;35;.565;.333;.889;East;2003
Tracy McGrady;ORL;36:00:00;10;17;4;7;5;6;1;4;5;2;0;0;1;3;29;.588;.571;.833;East;2003
Michael Jordan;WAS;36:00:00;9;27;0;2;2;2;2;3;5;2;2;0;2;3;20;.333;.000;1.000;East;2003
Jermaine O'Neal;IND;33:00:00;3;10;0;0;4;6;4;6;10;0;2;4;2;2;10;.300;;.667;East;2003
Ben Wallace;DET;24:00:00;1;2;0;0;0;2;4;2;6;0;2;2;2;1;2;.500;;.000;East;2003
Jason Kidd;NJN;33:00:00;4;9;1;4;2;2;1;4;5;10;5;0;2;0;11;.444;.250;1.000;East;2003
Vince Carter;TOR;25:00:00;4;9;1;1;0;0;1;0;1;2;0;0;1;1;9;.444;1.000;;East;2003
Paul Pierce;BOS;18:00;4;11;0;5;0;0;0;2;2;3;4;0;2;1;8;.364;.000;;East;2003
Brad Miller;IND;17:00;2;4;0;0;1;2;3;3;6;3;0;0;2;2;5;.500;;.500;East;2003
Jamal Mashburn;NOH;14:00;4;7;2;2;0;0;0;4;4;2;2;0;0;0;10;.571;1.000;;East;2003
Antoine Walker;BOS;09:00;2;4;1;3;1;2;0;1;1;0;0;0;1;0;6;.500;.333;.500;East;2003
Zydrunas Ilgauskas;CLE;04:00;0;1;0;0;0;0;0;0;0;0;0;0;1;1;0;.000;;;East;2003
Kevin Garnett;MIN;41:00:00;17;24;0;0;3;3;1;8;9;3;5;1;4;3;37;.708;;1.000;West;2003
Tim Duncan;SAS;40:00:00;8;18;0;0;3;3;5;10;15;4;1;0;3;2;19;.444;;1.000;West;2003
Kobe Bryant;LAL;36:00:00;8;17;3;5;3;6;2;5;7;6;3;2;5;5;22;.471;.600;.500;West;2003
Steve Francis;HOU;32:00:00;9;12;2;3;0;0;1;1;2;9;0;0;3;1;20;.750;.667;;West;2003
Yao Ming;HOU;17:00;1;1;0;0;0;0;0;2;2;0;0;0;0;1;2;1.000;;;West;2003
Shaquille O'Neal;LAL;26:00:00;8;14;0;0;3;5;3;10;13;1;2;1;3;3;19;.571;;.600;West;2003
Shawn Marion;PHO;23:00;4;9;0;1;0;0;5;2;7;4;3;1;0;1;8;.444;.000;;West;2003
Dirk Nowitzki;DAL;16:00;4;8;1;4;0;0;0;1;1;1;0;0;2;1;9;.500;.250;;West;2003
Steve Nash;DAL;16:00;1;3;0;2;0;1;2;3;5;3;1;0;4;1;2;.333;.000;.000;West;2003
Gary Payton;SEA;15:00;4;6;0;1;0;0;1;0;1;2;0;0;3;3;8;.667;.000;;West;2003
Stephon Marbury;PHO;15:00;1;3;0;2;2;2;0;1;1;6;0;0;2;0;4;.333;.000;1.000;West;2003
Peja Stojakovic;SAC;13:00;2;7;1;4;0;0;0;3;3;1;1;0;1;0;5;.286;.250;;West;2003
Jermaine O'Neal;IND;28:00:00;7;13;0;0;2;4;2;7;9;2;1;0;2;0;16;.538;;.500;East;2004
Allen Iverson;PHI;23:00;1;6;0;0;1;4;0;1;1;11;0;0;4;3;3;.167;;.250;East;2004
Tracy McGrady;ORL;22:00;5;11;1;6;2;4;1;3;4;3;0;0;1;0;13;.455;.167;.500;East;2004
Ben Wallace;DET;22:00;2;5;0;1;0;0;2;5;7;0;3;1;0;0;4;.400;.000;;East;2004
Vince Carter;TOR;16:00;5;7;1;3;0;0;1;1;2;0;2;0;2;1;11;.714;.333;;East;2004
Kenyon Martin;NJN;24:00:00;8;10;0;0;1;2;4;3;7;3;0;0;3;1;17;.800;;.500;East;2004
Jamaal Magloire;NOH;22:00;9;16;0;0;1;2;3;5;8;0;1;1;1;2;19;.563;;.500;East;2004
Jason Kidd;NJN;22:00;4;6;3;4;3;4;0;3;3;10;2;0;3;1;14;.667;.750;.750;East;2004
Metta World Peace;IND;17:00;3;5;0;1;1;2;1;2;3;3;1;0;1;2;7;.600;.000;.500;East;2004
Baron Davis;NOH;16:00;3;9;1;6;0;0;0;0;0;7;1;0;1;0;7;.333;.167;;East;2004
Michael Redd;MIL;15:00;5;12;3;6;0;0;2;1;3;2;3;0;1;0;13;.417;.500;;East;2004
Paul Pierce;BOS;14:00;4;8;0;1;0;0;0;1;1;2;1;0;1;2;8;.500;.000;;East;2004
Kobe Bryant;LAL;35:00:00;9;12;2;3;0;1;1;3;4;4;5;1;6;3;20;.750;.667;.000;West;2004
Kevin Garnett;MIN;29:00:00;6;14;0;1;0;0;3;4;7;6;2;1;1;0;12;.429;.000;;West;2004
Tim Duncan;SAS;26:00:00;6;11;0;0;2;4;2;11;13;5;1;0;2;2;14;.545;;.500;West;2004
Steve Francis;HOU;23:00;6;9;1;2;0;0;1;3;4;4;0;0;1;1;13;.667;.500;;West;2004
Yao Ming;HOU;19:00;8;14;0;2;0;0;2;2;4;1;0;0;0;2;16;.571;.000;;West;2004
Shaquille O'Neal;LAL;24:00:00;12;19;0;0;0;1;5;6;11;1;2;2;4;3;24;.632;;.000;West;2004
Ray Allen;SEA;24:00:00;6;13;1;4;3;4;2;1;3;4;1;0;3;2;16;.462;.250;.750;West;2004
Sam Cassell;MIN;14:00;2;3;0;0;0;0;0;1;1;7;1;0;1;0;4;.667;;;West;2004
Peja Stojakovic;SAC;13:00;2;5;1;4;0;0;0;1;1;1;0;0;2;0;5;.400;.250;;West;2004
Dirk Nowitzki;DAL;13:00;1;3;0;1;0;0;0;0;0;1;2;0;2;0;2;.333;.000;;West;2004
Andrei Kirilenko;UTA;12:00;1;3;0;1;0;0;0;1;1;1;0;1;0;0;2;.333;.000;;West;2004
Brad Miller;SAC;10:00;4;5;0;0;0;0;1;1;2;0;0;0;2;0;8;.800;;;West;2004
Kobe Bryant;LAL;29:00:00;7;14;2;5;0;0;3;3;6;7;3;1;4;5;16;.500;.400;;West;2005
Tracy McGrady;HOU;24:00:00;4;13;0;4;0;0;1;4;5;5;3;2;3;1;8;.308;.000;;West;2005
Yao Ming;HOU;22:00;5;9;0;0;1;2;3;5;8;5;0;1;1;1;11;.556;;.500;West;2005
Tim Duncan;SAS;16:00;7;10;1;1;0;1;2;7;9;2;0;0;2;0;15;.700;1.000;.000;West;2005
Kevin Garnett;MIN;16:00;5;8;0;0;0;1;0;3;3;2;0;0;2;2;10;.625;;.000;West;2005
Ray Allen;SEA;23:00;6;16;5;11;0;0;0;4;4;1;0;0;1;2;17;.375;.455;;West;2005
Manu Ginobili;SAS;22:00;3;6;0;2;2;2;2;1;3;1;1;1;3;3;8;.500;.000;1.000;West;2005
Dirk Nowitzki;DAL;21:00;4;10;1;3;1;2;3;5;8;2;4;4;3;1;10;.400;.333;.500;West;2005
Amar'e Stoudemire;PHO;20:00;3;11;0;0;0;2;4;5;9;2;1;0;1;2;6;.273;;.000;West;2005
Steve Nash;PHO;17:00;1;2;0;1;0;0;0;0;0;6;0;0;3;0;2;.500;.000;;West;2005
Shawn Marion;PHO;16:00;5;7;0;0;0;1;3;0;3;4;0;0;1;0;10;.714;;.000;West;2005
Rashard Lewis;SEA;14:00;1;7;0;2;0;0;1;3;4;1;1;0;1;2;2;.143;.000;;West;2005
Allen Iverson;PHI;32:00:00;4;14;0;0;7;7;0;4;4;10;5;0;7;0;15;.286;;1.000;East;2005
LeBron James;CLE;31:00:00;6;13;1;4;0;1;1;7;8;6;2;0;3;0;13;.462;.250;.000;East;2005
Shaquille O'Neal;MIA;25:00:00;6;11;0;1;0;3;0;6;6;1;3;3;0;2;12;.545;.000;.000;East;2005
Vince Carter;NJN;18:00;4;8;3;5;0;0;0;3;3;1;0;0;2;0;11;.500;.600;;East;2005
Grant Hill;ORL;18:00;3;6;0;0;0;0;2;2;4;2;1;0;1;1;6;.500;;;East;2005
Dwyane Wade;MIA;23:00;6;13;0;1;2;2;2;1;3;1;2;1;1;2;14;.462;.000;1.000;East;2005
Jermaine O'Neal;IND;19:00;6;10;0;0;3;4;1;4;5;2;1;1;1;1;15;.600;;.750;East;2005
Zydrunas Ilgauskas;CLE;17:00;5;8;0;0;2;2;3;4;7;1;0;2;1;2;12;.625;;1.000;East;2005
Gilbert Arenas;WAS;15:00;3;11;1;3;0;0;1;1;2;3;0;0;0;1;7;.273;.333;;East;2005
Ben Wallace;DET;15:00;3;7;0;0;0;0;4;3;7;0;0;0;2;2;6;.429;;;East;2005
Paul Pierce;BOS;14:00;4;7;0;2;1;1;0;3;3;3;2;0;0;2;9;.571;.000;1.000;East;2005
Antawn Jamison;WAS;13:00;2;5;1;1;0;0;1;3;4;1;0;0;0;0;5;.400;1.000;;East;2005
Steve Nash;PHO;27:34:00;1;2;0;0;0;0;1;4;5;6;1;0;2;2;2;.500;;;West;2006
Tracy McGrady;HOU;26:40:00;15;26;4;10;2;7;0;0;0;2;1;0;1;1;36;.577;.400;.286;West;2006
Kobe Bryant;LAL;26:15:00;4;11;0;5;0;0;0;7;7;8;3;0;3;5;8;.364;.000;;West;2006
Tim Duncan;SAS;20:55;6;7;0;0;3;3;6;4;10;1;1;1;5;2;15;.857;;1.000;West;2006
Yao Ming;HOU;19:14;2;5;0;0;1;2;0;2;2;1;1;0;0;2;5;.400;;.500;West;2006
Tony Parker;SAS;20:26;3;8;0;1;2;2;0;0;0;4;0;0;5;1;8;.375;.000;1.000;West;2006
Ray Allen;SEA;18:00;4;13;0;7;0;0;0;2;2;1;0;0;1;2;8;.308;.000;;West;2006
Shawn Marion;PHO;17:15;5;9;0;0;4;7;4;4;8;0;1;1;0;1;14;.556;;.571;West;2006
Elton Brand;LAC;16:41;6;11;0;0;0;0;3;4;7;0;1;0;3;2;12;.545;;;West;2006
Kevin Garnett;MIN;16:24;1;9;0;0;0;0;2;7;9;4;1;0;2;1;2;.111;;;West;2006
Dirk Nowitzki;DAL;16:23;4;8;0;3;2;3;3;3;6;0;0;0;0;2;10;.500;.000;.667;West;2006
Pau Gasol;MEM;14:13;0;3;0;0;0;0;6;6;12;1;0;0;1;1;0;.000;;;West;2006
Dwyane Wade;MIA;30:39:00;9;11;0;0;2;2;3;1;4;3;2;1;3;1;20;.818;;1.000;East;2006
LeBron James;CLE;30:34:00;12;21;4;10;1;5;2;4;6;2;2;0;1;2;29;.571;.400;.200;East;2006
Allen Iverson;PHI;26:14:00;5;14;0;0;2;4;0;2;2;2;0;0;3;0;12;.357;;.500;East;2006
Shaquille O'Neal;MIA;22:34;7;9;0;0;3;5;3;6;9;4;1;0;2;5;17;.778;;.600;East;2006
Vince Carter;NJN;17:40;2;5;0;0;1;2;1;3;4;2;1;0;2;3;5;.400;;.500;East;2006
Ben Wallace;DET;24:18:00;0;1;0;0;0;2;0;8;8;2;3;2;0;3;0;.000;;.000;East;2006
Rasheed Wallace;DET;17:19;1;6;0;4;0;0;0;2;2;0;1;0;0;1;2;.167;.000;;East;2006
Chris Bosh;TOR;16:35;3;7;0;0;2;3;2;6;8;2;0;0;1;1;8;.429;;.667;East;2006
Chauncey Billups;DET;15:48;6;10;2;5;1;1;0;4;4;7;0;0;2;1;15;.600;.400;1.000;East;2006
Paul Pierce;BOS;15:00;3;6;0;0;1;2;0;2;2;1;1;0;0;0;7;.500;;.500;East;2006
Richard Hamilton;DET;13:28;3;7;0;0;0;0;0;0;0;1;0;0;1;1;6;.429;;;East;2006
Gilbert Arenas;WAS;09:51;0;4;0;2;1;2;0;0;0;1;1;0;1;1;1;.000;.000;.500;East;2006
LeBron James;CLE;32:16:00;11;20;4;8;2;2;0;6;6;6;1;0;4;0;28;.550;.500;1.000;East;2007
Dwyane Wade;MIA;24:22:00;5;12;0;0;0;0;0;0;0;3;6;0;5;2;10;.417;;;East;2007
Chris Bosh;TOR;22:29;5;7;0;0;1;2;3;4;7;1;0;0;0;0;11;.714;;.500;East;2007
Gilbert Arenas;WAS;19:48;3;8;2;7;0;0;0;1;1;4;2;0;1;0;8;.375;.286;;East;2007
Shaquille O'Neal;MIA;17:15;5;13;0;0;0;0;4;2;6;1;0;1;1;1;10;.385;;;East;2007
Jermaine O'Neal;IND;22:36;4;8;0;0;0;0;3;4;7;1;0;2;1;1;8;.500;;;East;2007
Dwight Howard;ORL;20:39;10;14;0;0;0;5;7;5;12;1;0;1;3;0;20;.714;;.000;East;2007
Joe Johnson;ATL;17:33;5;9;2;5;0;0;0;1;1;2;1;0;1;1;12;.556;.400;;East;2007
Chauncey Billups;DET;16:12;3;8;0;3;2;2;1;3;4;6;0;0;0;0;8;.375;.000;1.000;East;2007
Vince Carter;NJN;16:12;3;7;0;1;1;2;0;1;1;2;0;0;1;1;7;.429;.000;.500;East;2007
Caron Butler;WAS;15:38;1;7;0;0;0;0;3;1;4;1;0;0;1;0;2;.143;;;East;2007
Richard Hamilton;DET;15:00;4;8;0;1;0;0;2;4;6;1;0;0;2;1;8;.500;.000;;East;2007
Kobe Bryant;LAL;28:09:00;13;24;3;9;2;2;1;4;5;6;6;0;4;1;31;.542;.333;1.000;West;2007
Tracy McGrady;HOU;18:26;3;8;2;5;0;0;1;2;3;11;2;0;3;0;8;.375;.400;;West;2007
Dirk Nowitzki;DAL;16:05;4;9;1;2;0;0;2;3;5;2;0;0;0;0;9;.444;.500;;West;2007
Tim Duncan;SAS;14:38;2;3;0;0;0;0;0;5;5;4;1;1;0;1;4;.667;;;West;2007
Kevin Garnett;MIN;14:11;3;8;0;0;1;2;4;2;6;4;2;1;1;0;7;.375;;.500;West;2007
Carmelo Anthony;DEN;25:10:00;10;15;0;0;0;0;3;6;9;1;1;0;0;2;20;.667;;;West;2007
Tony Parker;SAS;23:44;4;7;0;0;0;0;0;2;2;10;1;0;4;0;8;.571;;;West;2007
Shawn Marion;PHO;21:54;9;15;0;1;0;0;5;3;8;4;2;0;2;0;18;.600;.000;;West;2007
Ray Allen;SEA;21:22;4;10;4;7;0;0;0;1;1;3;1;0;1;0;12;.400;.571;;West;2007
Amar'e Stoudemire;PHO;21:21;14;22;0;1;1;1;6;3;9;3;1;2;1;5;29;.636;.000;1.000;West;2007
Josh Howard;DAL;20:17;1;3;0;1;1;2;1;3;4;3;0;0;1;1;3;.333;.000;.500;West;2007
Mehmet Okur;UTA;14:43;2;2;0;0;0;2;0;2;2;1;0;0;0;0;4;1.000;;.000;West;2007
Tim Duncan;SAS;22:23;2;7;0;1;0;0;4;5;9;1;1;1;4;1;4;.286;.000;;West;2008
Carmelo Anthony;DEN;21:38;8;17;0;0;2;3;5;2;7;1;0;0;2;0;18;.471;;.667;West;2008
Allen Iverson;DEN;20:44;3;7;0;0;1;2;1;1;2;6;4;1;6;0;7;.429;;.500;West;2008
Yao Ming;HOU;13:17;2;5;0;2;2;2;1;4;5;1;0;0;1;0;6;.400;.000;1.000;West;2008
Kobe Bryant;LAL;02:52;0;0;0;0;0;0;0;1;1;0;0;0;0;0;0;;;;West;2008
Brandon Roy;POR;28:34:00;8;10;2;3;0;0;1;8;9;5;1;1;0;2;18;.800;.667;;West;2008
Chris Paul;NOH;27:16:00;7;14;2;6;0;0;2;1;3;14;4;0;2;5;16;.500;.333;;West;2008
Dirk Nowitzki;DAL;25:41:00;5;14;1;4;2;2;1;3;4;2;0;0;2;0;13;.357;.250;1.000;West;2008
Amar'e Stoudemire;PHO;23:07;8;11;1;2;1;3;0;5;5;0;1;1;1;2;18;.727;.500;.333;West;2008
Steve Nash;PHO;19:42;4;8;0;1;0;0;0;0;0;6;0;1;1;3;8;.500;.000;;West;2008
Carlos Boozer;UTA;18:30;7;15;0;0;0;2;4;6;10;0;0;0;1;0;14;.467;;.000;West;2008
David West;NOH;16:16;3;6;0;0;0;0;2;2;4;1;0;0;1;1;6;.500;;;West;2008
Dwight Howard;ORL;30:33:00;7;7;0;0;2;3;5;4;9;3;3;1;1;4;16;1.000;;.667;East;2008
LeBron James;CLE;30:15:00;12;22;2;7;1;1;1;7;8;9;2;2;4;3;27;.545;.286;1.000;East;2008
Jason Kidd;NJN;25:05:00;1;2;0;1;0;0;0;4;4;10;4;0;1;0;2;.500;.000;;East;2008
Dwyane Wade;MIA;21:48;7;12;0;1;0;2;1;3;4;3;0;1;2;1;14;.583;.000;.000;East;2008
Chris Bosh;TOR;21:32;7;15;0;0;0;2;2;5;7;1;0;0;1;1;14;.467;;.000;East;2008
Ray Allen;BOS;18:54;10;14;5;9;3;5;0;2;2;1;2;0;0;0;28;.714;.556;.600;East;2008
Chauncey Billups;DET;18:07;3;10;0;6;0;1;1;0;1;4;0;0;1;1;6;.300;.000;.000;East;2008
Richard Hamilton;DET;18:00;4;9;1;1;0;0;0;0;0;2;0;0;0;0;9;.444;1.000;;East;2008
Rasheed Wallace;DET;17:37;1;5;1;5;0;0;2;3;5;0;1;2;1;2;3;.200;.200;;East;2008
Joe Johnson;ATL;13:20;1;2;1;1;0;0;0;0;0;2;1;0;1;1;3;.500;1.000;;East;2008
Paul Pierce;BOS;12:37;5;9;0;3;0;0;0;4;4;2;0;0;2;0;10;.556;.000;;East;2008
Antawn Jamison;WAS;12:12;1;3;0;2;0;0;0;1;1;0;0;1;2;0;2;.333;.000;;East;2008
Dwight Howard;ORL;27:30:00;5;11;0;2;3;5;3;6;9;0;1;3;1;3;13;.455;.000;.600;East;2009
LeBron James;CLE;26:50:00;8;19;2;5;2;2;0;5;5;3;0;0;3;0;20;.421;.400;1.000;East;2009
Dwyane Wade;MIA;26:39:00;6;13;2;6;4;7;2;0;2;5;3;0;0;2;18;.462;.333;.571;East;2009
Kevin Garnett;BOS;18:52;5;5;0;0;2;2;2;2;4;2;0;0;2;0;12;1.000;;1.000;East;2009
Allen Iverson;DET;15:39;1;4;0;0;0;0;0;1;1;3;1;0;1;1;2;.250;;;East;2009
Joe Johnson;ATL;21:38;0;4;0;3;0;0;0;0;0;0;0;0;5;0;0;.000;.000;;East;2009
Rashard Lewis;ORL;20:30;3;6;1;4;1;2;1;5;6;0;0;0;1;3;8;.500;.250;.500;East;2009
Paul Pierce;BOS;19:39;6;11;1;5;5;6;1;3;4;2;2;0;1;3;18;.545;.200;.833;East;2009
Ray Allen;BOS;18:12;4;10;0;3;0;0;1;2;3;1;0;0;1;0;8;.400;.000;;East;2009
Devin Harris;NJN;17:06;3;6;0;1;0;0;1;0;1;0;0;0;0;0;6;.500;.000;;East;2009
Mo Williams;CLE;16:42;5;10;2;5;0;0;1;1;2;5;0;0;2;0;12;.500;.400;;East;2009
Danny Granger;IND;10:43;1;1;0;0;0;0;1;0;1;0;2;0;1;0;2;1.000;;;East;2009
Kobe Bryant;LAL;29:14:00;12;23;3;8;0;0;1;3;4;4;4;0;1;0;27;.522;.375;;West;2009
Chris Paul;NOH;29:14:00;7;14;0;1;0;0;1;6;7;14;3;0;1;4;14;.500;.000;;West;2009
Amar'e Stoudemire;PHO;24:36:00;7;10;0;0;5;6;3;3;6;0;0;0;2;1;19;.700;;.833;West;2009
Tim Duncan;SAS;18:01;3;5;0;0;0;0;0;3;3;2;1;1;2;1;6;.600;;;West;2009
Yao Ming;HOU;12:23;1;4;0;0;0;0;0;3;3;0;0;1;1;2;2;.250;;;West;2009
Brandon Roy;POR;31:10:00;7;8;0;0;0;0;0;5;5;5;0;0;0;2;14;.875;;;West;2009
Tony Parker;SAS;20:08;7;11;0;2;0;0;0;4;4;4;2;0;2;0;14;.636;.000;;West;2009
Chauncey Billups;DEN;19:09;2;5;1;3;0;0;0;2;2;3;1;0;3;2;5;.400;.333;;West;2009
Pau Gasol;LAL;16:55;5;7;0;0;4;4;2;6;8;1;1;1;0;2;14;.714;;1.000;West;2009
David West;NOH;14:09;3;5;0;0;0;0;1;2;3;0;1;0;0;2;6;.600;;;West;2009
Dirk Nowitzki;DAL;14:05;3;5;0;0;2;2;0;1;1;1;0;0;0;0;8;.600;;1.000;West;2009
Shaquille O'Neal;PHO;10:56;8;9;0;0;1;4;4;1;5;3;0;1;2;1;17;.889;;.250;West;2009
Carmelo Anthony;DEN;28:59:00;13;22;1;4;0;1;4;6;10;2;0;0;2;0;27;.591;.250;.000;West;2010
Dirk Nowitzki;DAL;27:43:00;8;15;0;1;6;6;0;4;4;2;1;0;2;2;22;.533;.000;1.000;West;2010
Steve Nash;PHO;19:59;2;4;0;0;0;0;1;0;1;13;0;0;2;0;4;.500;;;West;2010
Amar'e Stoudemire;PHO;19:57;5;10;0;0;2;2;3;7;10;0;1;0;2;0;12;.500;;1.000;West;2010
Tim Duncan;SAS;13:07;1;4;0;0;1;2;1;3;4;0;2;0;3;1;3;.250;;.500;West;2010
Deron Williams;UTA;28:01:00;6;11;2;4;0;0;0;3;3;6;4;1;5;4;14;.545;.500;;West;2010
Chauncey Billups;DEN;25:44:00;6;11;5;8;0;0;0;0;0;5;1;0;2;1;17;.545;.625;;West;2010
Pau Gasol;LAL;20:18;5;9;0;0;3;3;2;4;6;0;1;0;0;3;13;.556;;1.000;West;2010
Kevin Durant;OKC;20:17;7;14;1;3;0;0;1;4;5;0;0;0;2;0;15;.500;.333;;West;2010
Zach Randolph;MEM;19:01;4;10;0;0;0;0;3;3;6;2;2;0;1;2;8;.400;;;West;2010
Chris Kaman;LAC;10:43;2;4;0;0;0;0;2;1;3;1;0;0;1;0;4;.500;;;West;2010
Jason Kidd;DAL;06:11;0;1;0;1;0;0;0;2;2;1;1;0;1;0;0;.000;.000;;West;2010
LeBron James;CLE;32:28:00;10;22;1;6;4;4;1;4;5;6;4;0;2;1;25;.455;.167;1.000;East;2010
Dwyane Wade;MIA;31:20:00;12;16;0;1;4;6;3;3;6;11;5;0;3;4;28;.750;.000;.667;East;2010
Dwight Howard;ORL;27:24:00;7;10;1;2;2;3;0;5;5;1;0;3;1;4;17;.700;.500;.667;East;2010
Joe Johnson;ATL;17:50;4;8;2;5;0;0;0;1;1;1;2;0;0;0;10;.500;.400;;East;2010
Kevin Garnett;BOS;12:43;2;4;0;0;0;0;0;3;3;2;0;1;2;0;4;.500;;;East;2010
Chris Bosh;TOR;29:08:00;9;16;0;0;5;7;2;8;10;1;2;0;3;0;23;.563;;.714;East;2010
Rajon Rondo;BOS;19:49;2;3;0;0;0;0;1;0;1;5;1;0;2;1;4;.667;;;East;2010
Gerald Wallace;CHA;15:32;1;3;0;0;0;0;0;3;3;1;0;0;0;0;2;.333;;;East;2010
Derrick Rose;CHI;15:25;4;8;0;0;0;0;0;0;0;4;3;0;1;0;8;.500;;;East;2010
Al Horford;ATL;14:19;4;5;0;0;0;1;0;4;4;2;1;1;0;1;8;.800;;.000;East;2010
David Lee;NYK;12:26;2;3;0;0;0;0;0;2;2;1;0;0;3;1;4;.667;;;East;2010
Paul Pierce;BOS;11:36;3;6;2;3;0;0;0;0;0;0;1;0;1;0;8;.500;.667;;East;2010
LeBron James;MIA;32:20:00;10;18;0;3;9;10;2;10;12;10;0;0;4;3;29;.556;.000;.900;East;2011
Derrick Rose;CHI;29:56:00;5;13;0;1;1;2;1;2;3;5;1;0;1;0;11;.385;.000;.500;East;2011
Amar'e Stoudemire;NYK;28:04:00;11;20;1;2;6;6;3;3;6;2;0;1;1;0;29;.550;.500;1.000;East;2011
Dwight Howard;ORL;21:17;2;4;0;2;1;2;2;5;7;1;1;0;2;4;5;.500;.000;.500;East;2011
Dwyane Wade;MIA;20:16;6;9;0;1;2;2;1;3;4;2;1;0;4;2;14;.667;.000;1.000;East;2011
Chris Bosh;MIA;20:56;7;10;0;1;0;1;2;3;5;2;0;1;3;0;14;.700;.000;.000;East;2011
Rajon Rondo;BOS;20:34;3;5;0;0;0;0;2;0;2;8;0;0;2;0;6;.600;;;East;2011
Joe Johnson;ATL;20:26;4;11;3;9;0;1;1;1;2;2;3;0;0;1;11;.364;.333;.000;East;2011
Ray Allen;BOS;17:09;4;9;2;7;2;2;1;3;4;2;0;0;1;2;12;.444;.286;1.000;East;2011
Paul Pierce;BOS;11:12;2;6;1;3;1;2;0;1;1;2;0;0;3;0;6;.333;.333;.500;East;2011
Al Horford;ATL;10:20;1;3;0;0;0;0;1;2;3;0;0;1;0;2;2;.333;;;East;2011
Kevin Garnett;BOS;07:32;2;3;0;0;0;0;0;5;5;2;0;1;0;0;4;.667;;;East;2011
Kevin Durant;OKC;30:00:00;11;23;4;11;8;8;0;3;3;2;2;2;0;3;34;.478;.364;1.000;West;2011
Kobe Bryant;LAL;29:21:00;14;26;2;7;7;8;10;4;14;3;3;0;4;2;37;.538;.286;.875;West;2011
Chris Paul;NOH;28:32:00;3;7;2;3;2;2;1;3;4;7;5;0;3;3;10;.429;.667;1.000;West;2011
Carmelo Anthony;DEN;22:44;4;10;0;1;0;0;3;4;7;2;1;1;2;3;8;.400;.000;;West;2011
Tim Duncan;SAS;11:40;1;4;0;0;0;0;1;2;3;2;2;0;0;0;2;.250;;;West;2011
Pau Gasol;LAL;24:22:00;8;13;0;1;1;2;6;1;7;2;0;2;1;3;17;.615;.000;.500;West;2011
Manu Ginobili;SAS;20:43;2;7;0;3;3;4;1;2;3;5;3;0;2;3;7;.286;.000;.750;West;2011
Deron Williams;UTA;17:53;2;7;1;3;0;0;0;1;1;7;1;1;2;0;5;.286;.333;;West;2011
Blake Griffin;LAC;14:39;4;6;0;0;0;0;2;3;5;5;0;0;0;0;8;.667;;;West;2011
Dirk Nowitzki;DAL;14:14;3;8;0;1;0;0;0;5;5;1;1;1;0;0;6;.375;.000;;West;2011
Russell Westbrook;OKC;14:08;6;12;0;1;0;2;3;2;5;2;0;0;0;1;12;.500;.000;.000;West;2011
Kevin Love;MIN;11:44;1;3;0;0;0;0;0;4;4;1;0;0;1;0;2;.333;;;West;2011
Dwyane Wade;MIA;32:54:00;11;15;0;1;2;2;3;7;10;10;2;0;4;4;24;.733;.000;1.000;East;2012
LeBron James;MIA;32:09:00;15;23;6;8;0;0;0;6;6;7;0;0;4;2;36;.652;.750;;East;2012
Dwight Howard;ORL;31:10:00;4;9;0;4;1;2;5;5;10;3;0;1;1;4;9;.444;.000;.500;East;2012
Carmelo Anthony;NYK;30:20:00;7;15;0;3;5;7;4;5;9;0;2;0;0;0;19;.467;.000;.714;East;2012
Derrick Rose;CHI;18:17;6;8;2;2;0;0;1;0;1;3;0;0;2;1;14;.750;1.000;;East;2012
Chris Bosh;MIA;20:08;3;9;1;2;0;0;1;1;2;1;2;1;1;2;7;.333;.500;;East;2012
Deron Williams;NJN;18:08;8;11;4;7;0;0;1;2;3;4;1;0;0;2;20;.727;.571;;East;2012
Rajon Rondo;BOS;15:34;1;3;0;0;0;0;0;2;2;8;0;0;4;1;2;.333;;;East;2012
Andre Iguodala;PHI;14:11;6;7;0;1;0;0;1;3;4;2;1;1;1;0;12;.857;.000;;East;2012
Paul Pierce;BOS;11:07;1;8;1;4;0;0;1;1;2;0;0;1;2;1;3;.125;.250;;East;2012
Roy Hibbert;IND;10:11;1;3;0;0;1;1;1;2;3;1;0;0;0;0;3;.333;;1.000;East;2012
Luol Deng;CHI;05:51;0;2;0;0;0;0;0;0;0;1;0;0;0;0;0;.000;;;East;2012
Kevin Durant;OKC;37:23:00;14;25;3;8;5;7;3;4;7;3;3;0;2;0;36;.560;.375;.714;West;2012
Kobe Bryant;LAL;34:48:00;9;17;2;5;7;8;0;1;1;1;2;0;1;2;27;.529;.400;.875;West;2012
Blake Griffin;LAC;31:26:00;9;12;1;2;3;6;3;5;8;3;2;0;1;3;22;.750;.500;.500;West;2012
Chris Paul;LAC;30:57:00;3;7;2;5;0;0;0;5;5;12;1;0;2;1;8;.429;.400;;West;2012
Andrew Bynum;LAL;05:31;0;3;0;1;0;0;1;2;3;1;1;1;0;0;0;.000;.000;;West;2012
Russell Westbrook;OKC;27:31:00;10;17;1;4;0;2;5;0;5;2;2;0;1;3;21;.588;.250;.000;West;2012
Kevin Love;MIN;18:24;7;12;2;4;1;3;2;5;7;1;3;0;1;0;17;.583;.500;.333;West;2012
Dirk Nowitzki;DAL;13:44;3;8;1;5;0;0;2;2;4;1;0;0;0;1;7;.375;.200;;West;2012
Marc Gasol;MEM;13:32;2;5;0;0;0;0;1;2;3;0;0;0;1;2;4;.400;;;West;2012
Tony Parker;SAS;12:16;3;5;0;0;0;0;1;1;2;4;0;0;1;0;6;.600;;;West;2012
LaMarcus Aldridge;POR;09:48;2;5;0;0;0;0;0;1;1;1;0;0;0;0;4;.400;;;West;2012
Steve Nash;PHO;04:40;0;0;0;0;0;0;0;0;0;4;0;0;1;0;0;;;;West;2012
Carmelo Anthony;NYK;30:30:00;8;14;3;7;7;9;5;7;12;3;0;0;1;0;26;.571;.429;.778;East;2013
LeBron James;MIA;30:02:00;7;18;3;7;2;4;0;3;3;5;1;0;4;0;19;.389;.429;.500;East;2013
Dwyane Wade;MIA;28:49:00;10;13;1;2;0;0;1;2;3;7;2;2;4;2;21;.769;.500;;East;2013
Chris Bosh;MIA;23:22;3;9;0;3;0;0;0;2;2;1;1;0;3;3;6;.333;.000;;East;2013
Kevin Garnett;BOS;06:26;0;2;0;0;0;0;1;2;3;1;0;0;1;0;0;.000;;;East;2013
Kyrie Irving;CLE;24:46:00;6;11;3;6;0;0;2;1;3;4;0;0;2;1;15;.545;.500;;East;2013
Paul George;IND;20:03;7;13;3;6;0;0;1;2;3;4;2;0;0;0;17;.538;.500;;East;2013
Luol Deng;CHI;17:05;4;10;1;5;1;1;0;2;2;1;0;0;2;0;10;.400;.200;1.000;East;2013
Tyson Chandler;NYK;16:51;2;5;0;0;3;3;3;5;8;0;0;0;0;1;7;.400;;1.000;East;2013
Joakim Noah;CHI;16:12;4;7;0;0;0;0;3;7;10;3;0;1;1;1;8;.571;;;East;2013
Jrue Holiday;PHI;15:19;3;6;0;2;0;0;0;2;2;1;2;0;1;1;6;.500;.000;;East;2013
Brook Lopez;BRK;10:35;0;1;0;1;3;4;2;3;5;3;0;0;1;1;3;.000;.000;.750;East;2013
Kevin Durant;OKC;31:22:00;13;24;3;8;1;1;0;6;6;1;2;0;0;3;30;.542;.375;1.000;West;2013
Kobe Bryant;LAL;27:36:00;4;9;0;3;1;2;2;2;4;8;2;2;1;2;9;.444;.000;.500;West;2013
Blake Griffin;LAC;27:24:00;9;11;0;0;1;2;2;1;3;3;2;1;0;3;19;.818;;.500;West;2013
Chris Paul;LAC;27:17:00;7;10;4;5;2;3;0;0;0;15;4;0;3;0;20;.700;.800;.667;West;2013
Dwight Howard;LAL;14:11;4;6;1;1;0;0;0;7;7;0;0;0;1;1;9;.667;1.000;;West;2013
James Harden;HOU;25:50:00;6;13;3;8;0;0;1;5;6;3;0;0;2;2;15;.462;.375;;West;2013
Tony Parker;SAS;21:58;5;10;1;3;2;2;0;1;1;5;2;0;3;0;13;.500;.333;1.000;West;2013
Russell Westbrook;OKC;18:06;7;13;0;3;0;0;2;2;4;3;1;0;2;1;14;.538;.000;;West;2013
David Lee;GSW;13:25;3;4;0;0;0;0;0;2;2;0;2;0;1;1;6;.750;;;West;2013
Zach Randolph;MEM;13:21;3;6;0;0;0;0;1;4;5;0;0;0;0;0;6;.500;;;West;2013
LaMarcus Aldridge;POR;11:27;0;2;0;0;0;0;0;4;4;1;0;2;1;0;0;.000;;;West;2013
Tim Duncan;SAS;08:03;1;4;0;1;0;0;1;2;3;0;0;0;1;1;2;.250;.000;;West;2013
Kevin Durant;OKC;34:43:00;14;27;6;17;4;4;3;7;10;6;1;0;1;0;38;.519;.353;1.000;West;2014
Kevin Love;MIN;32:46:00;5;11;2;7;1;4;1;8;9;2;1;0;1;0;13;.455;.286;.250;West;2014
Blake Griffin;LAC;31:56:00;19;23;0;2;0;0;4;2;6;1;2;0;2;4;38;.826;.000;;West;2014
Stephen Curry;GSW;27:36:00;4;14;2;11;2;2;1;2;3;11;1;0;2;1;12;.286;.182;1.000;West;2014
James Harden;HOU;23:46;3;7;2;6;0;0;0;1;1;5;1;0;2;1;8;.429;.333;;West;2014
Chris Paul;LAC;24:29:00;4;9;1;4;2;2;2;2;4;13;3;0;3;1;11;.444;.250;1.000;West;2014
Dwight Howard;HOU;13:17;4;6;0;2;0;0;4;7;11;3;0;0;0;0;8;.667;.000;;West;2014
LaMarcus Aldridge;POR;13:17;2;9;0;0;0;0;3;2;5;0;0;0;0;0;4;.222;;;West;2014
Tony Parker;SAS;11:25;2;5;0;0;0;0;1;1;2;1;0;0;1;0;4;.400;;;West;2014
Anthony Davis;NOP;09:35;5;6;0;0;0;0;0;1;1;0;2;0;1;0;10;.833;;;West;2014
Damian Lillard;POR;08:44;3;8;3;6;0;0;0;1;1;0;0;0;1;1;9;.375;.500;;West;2014
Dirk Nowitzki;DAL;08:26;0;2;0;1;0;0;0;1;1;0;0;0;0;0;0;.000;.000;;West;2014
Kyrie Irving;CLE;33:51:00;14;17;3;6;0;0;1;4;5;14;0;0;5;4;31;.824;.500;;East;2014
LeBron James;MIA;33:08:00;11;22;0;7;0;0;1;6;7;7;3;0;1;0;22;.500;.000;;East;2014
Paul George;IND;33:08:00;6;13;1;5;5;5;1;4;5;5;2;0;1;2;18;.462;.200;1.000;East;2014
Carmelo Anthony;NYK;30:06:00;10;18;8;13;2;2;3;2;5;2;0;0;0;3;30;.556;.615;1.000;East;2014
Dwyane Wade;MIA;11:41;5;6;0;0;0;0;1;0;1;3;2;0;1;0;10;.833;;;East;2014
Joakim Noah;CHI;20:46;4;5;0;0;0;0;0;5;5;5;1;0;1;2;8;.800;;;East;2014
John Wall;WAS;15:04;5;7;0;1;2;2;0;5;5;4;2;0;3;1;12;.714;.000;1.000;East;2014
DeMar DeRozan;TOR;14:52;4;7;0;1;0;0;1;2;3;2;0;0;0;0;8;.571;.000;;East;2014
Paul Millsap;ATL;14:52;3;5;0;2;0;0;0;3;3;1;0;0;0;0;6;.600;.000;;East;2014
Roy Hibbert;IND;12:19;4;5;0;1;0;0;1;4;5;2;0;0;1;0;8;.800;.000;;East;2014
Chris Bosh;MIA;10:07;2;3;1;2;0;0;0;2;2;0;2;0;1;1;5;.667;.500;;East;2014
Joe Johnson;BRK;10:06;2;7;1;6;0;0;0;1;1;1;0;0;0;1;5;.286;.167;;East;2014
LeBron James;CLE;31:45:00;11;21;4;12;4;5;1;4;5;7;2;0;4;1;30;.524;.333;.800;East;2015
Carmelo Anthony;NYK;30:16:00;6;20;2;13;0;0;3;4;7;0;1;1;1;2;14;.300;.154;;East;2015
John Wall;WAS;29:17:00;9;16;1;4;0;0;0;3;3;7;2;0;4;1;19;.563;.250;;East;2015
Pau Gasol;CHI;25:44:00;5;7;0;0;0;0;4;8;12;2;1;1;0;0;10;.714;;;East;2015
Kyle Lowry;TOR;25:35:00;4;13;2;11;0;0;1;2;3;8;4;0;1;0;10;.308;.182;;East;2015
Kyrie Irving;CLE;19:08;4;9;2;6;1;1;2;4;6;5;0;0;1;0;11;.444;.333;1.000;East;2015
Kyle Korver;ATL;15:35;7;13;7;12;0;0;0;1;1;2;0;0;0;1;21;.538;.583;;East;2015
Paul Millsap;ATL;15:35;2;6;1;3;0;0;1;5;6;3;2;0;2;0;5;.333;.333;;East;2015
Al Horford;ATL;13:30;4;6;0;0;0;0;3;4;7;2;0;0;1;1;8;.667;;;East;2015
Jeff Teague;ATL;13:27;6;9;2;2;0;0;0;1;1;2;2;0;1;0;14;.667;1.000;;East;2015
Chris Bosh;MIA;10:55;4;6;2;4;0;0;1;2;3;1;2;0;1;0;10;.667;.500;;East;2015
Jimmy Butler;CHI;09:13;3;4;0;1;0;0;1;0;1;1;2;0;2;0;6;.750;.000;;East;2015
James Harden;HOU;26:36:00;11;16;7;12;0;0;3;5;8;8;2;0;4;0;29;.688;.583;;West;2015
Stephen Curry;GSW;26:36:00;6;16;3;10;0;0;4;5;9;5;1;0;5;1;15;.375;.300;;West;2015
Marc Gasol;MEM;24:55:00;3;6;0;1;0;0;2;8;10;2;2;0;1;1;6;.500;.000;;West;2015
Klay Thompson;GSW;19:43;2;11;1;9;2;2;1;3;4;6;0;0;0;0;7;.182;.111;1.000;West;2015
LaMarcus Aldridge;POR;18:08;7;11;4;4;0;0;1;1;2;0;0;0;1;0;18;.636;1.000;;West;2015
Chris Paul;LAC;26:46:00;6;13;0;3;0;0;1;5;6;15;2;0;2;0;12;.462;.000;;West;2015
Russell Westbrook;OKC;25:33:00;16;28;5;9;4;4;3;2;5;1;3;0;1;0;41;.571;.556;1.000;West;2015
DeMarcus Cousins;SAC;18:06;6;7;0;0;2;3;4;3;7;0;0;0;1;1;14;.857;;.667;West;2015
Damian Lillard;POR;16:28;4;12;3;9;0;0;2;0;2;2;1;0;4;0;11;.333;.333;;West;2015
Tim Duncan;SAS;15:14;1;2;0;0;0;0;1;8;9;2;0;0;0;0;2;.500;;;West;2015
Dirk Nowitzki;DAL;12:00;2;5;1;2;0;0;2;3;5;0;2;0;0;0;5;.400;.500;;West;2015
Kevin Durant;OKC;09:55;1;6;1;6;0;0;0;3;3;1;1;0;2;0;3;.167;.167;;West;2015
Kyle Lowry;TOR;28:31:00;5;13;4;12;0;0;0;5;5;10;2;1;6;2;14;.385;.333;;East;2016
Paul George;IND;26:49:00;16;26;9;19;0;0;0;5;5;1;1;0;3;0;41;.615;.474;;East;2016
Carmelo Anthony;NYK;22:56;6;11;1;5;0;0;3;3;6;0;0;1;2;2;13;.545;.200;;East;2016
Dwyane Wade;MIA;22:56;4;7;0;1;0;0;1;3;4;6;2;0;3;0;8;.571;.000;;East;2016
LeBron James;CLE;20:13;6;13;1;5;0;0;0;4;4;7;0;0;4;0;13;.462;.200;;East;2016
John Wall;WAS;19:29;10;14;2;2;0;0;0;3;3;3;1;0;2;0;22;.714;1.000;;East;2016
Paul Millsap;ATL;19:04;1;6;1;2;0;0;1;2;3;1;0;0;0;0;3;.167;.500;;East;2016
Isaiah Thomas;BOS;18:59;4;11;1;5;0;0;3;0;3;1;1;0;1;1;9;.364;.200;;East;2016
DeMar DeRozan;TOR;18:54;9;15;0;3;0;1;1;0;1;2;1;0;1;0;18;.600;.000;.000;East;2016
Andre Drummond;DET;18:13;8;11;0;1;0;0;5;8;13;0;2;0;1;1;16;.727;.000;;East;2016
Pau Gasol;CHI;14:31;3;7;0;1;3;4;1;6;7;1;1;0;1;2;9;.429;.000;.750;East;2016
Al Horford;ATL;09:25;3;3;1;3;0;0;0;3;3;2;0;0;0;0;7;1.000;.333;;East;2016
Stephen Curry;GSW;28:50:00;10;18;6;13;0;0;1;4;5;6;4;0;2;1;26;.556;.462;;West;2016
Kobe Bryant;LAL;25:49:00;4;11;1;5;1;2;1;5;6;7;1;0;1;1;10;.364;.200;.500;West;2016
Kawhi Leonard;SAS;25:39:00;8;15;1;6;0;0;3;3;6;3;2;0;2;0;17;.533;.167;;West;2016
Kevin Durant;OKC;22:55;11;18;1;8;0;0;2;3;5;7;2;0;0;0;23;.611;.125;;West;2016
Russell Westbrook;OKC;22:11;12;23;7;17;0;0;3;5;8;5;5;0;3;1;31;.522;.412;;West;2016
James Harden;HOU;21:05;8;14;7;12;0;0;0;4;4;3;0;0;1;0;23;.571;.583;;West;2016
Klay Thompson;GSW;21:05;3;11;3;10;0;0;1;1;2;2;1;0;0;0;9;.273;.300;;West;2016
Chris Paul;LAC;19:10;5;7;4;6;0;0;0;4;4;16;1;0;4;1;14;.714;.667;;West;2016
Anthony Davis;NOP;15:19;12;13;0;0;0;0;3;3;6;0;1;0;0;1;24;.923;;;West;2016
LaMarcus Aldridge;SAS;14:13;2;8;0;1;0;0;1;3;4;1;1;0;0;0;4;.250;.000;;West;2016
Draymond Green;GSW;12:08;2;6;0;1;0;0;1;4;5;0;2;0;1;1;4;.333;.000;;West;2016
DeMarcus Cousins;SAC;11:36;5;5;1;1;0;0;1;3;4;1;0;0;0;2;11;1.000;1.000;;West;2016
DeMar DeRozan;TOR;24:02:00;8;15;0;0;0;0;1;4;5;6;2;0;4;0;16;.533;;;East;2017
Giannis Antetokounmpo;MIL;22:53;14;17;0;1;2;2;3;3;6;1;3;1;0;0;30;.824;.000;1.000;East;2017
Kyrie Irving;CLE;21:52;8;12;6;8;0;0;2;5;7;14;3;0;2;1;22;.667;.750;;East;2017
LeBron James;CLE;19:29;10;17;3;8;0;0;0;3;3;1;0;0;4;2;23;.588;.375;;East;2017
Jimmy Butler;CHI;19:29;3;4;0;1;0;0;0;3;3;2;1;0;1;0;6;.750;.000;;East;2017
Paul George;IND;22:05;6;16;0;7;0;0;0;5;5;3;0;0;0;0;12;.375;.000;;East;2017
John Wall;WAS;20:58;6;12;0;2;0;0;1;5;6;4;4;0;3;1;12;.500;.000;;East;2017
Kemba Walker;CHO;20:15;3;6;1;4;0;0;1;2;3;6;1;0;0;0;7;.500;.250;;East;2017
Carmelo Anthony;NYK;19:00;4;8;2;6;0;0;0;3;3;0;0;0;0;0;10;.500;.333;;East;2017
Isaiah Thomas;BOS;18:48;7;15;4;10;2;2;1;0;1;3;0;0;2;0;20;.467;.400;1.000;East;2017
Kyle Lowry;TOR;17:43;7;11;5;9;0;0;1;2;3;0;2;0;3;1;19;.636;.556;;East;2017
Paul Millsap;ATL;13:26;2;4;1;3;0;0;0;5;5;3;1;0;0;0;5;.500;.333;;East;2017
Anthony Davis;NOP;31:50:00;26;39;0;4;0;0;4;6;10;0;2;0;1;1;52;.667;.000;;West;2017
James Harden;HOU;30:23:00;4;9;4;9;0;0;0;7;7;12;0;0;10;2;12;.444;.444;;West;2017
Stephen Curry;GSW;28:18:00;8;16;5;11;0;0;1;3;4;6;1;0;0;3;21;.500;.455;;West;2017
Kevin Durant;GSW;27:09:00;9;16;2;8;1;2;4;6;10;10;2;0;0;1;21;.563;.250;.500;West;2017
Kawhi Leonard;SAS;14:47;2;4;0;2;0;0;0;2;2;2;1;0;0;0;4;.500;.000;;West;2017
Marc Gasol;MEM;21:29;5;7;0;2;0;0;3;7;10;8;1;1;2;0;10;.714;.000;;West;2017
Russell Westbrook;OKC;19:42;16;26;7;13;2;2;2;3;5;7;1;0;2;1;41;.615;.538;1.000;West;2017
Klay Thompson;GSW;17:37;5;9;2;6;0;0;0;2;2;5;0;0;0;1;12;.556;.333;;West;2017
Gordon Hayward;UTA;17:17;4;7;0;3;0;0;1;0;1;2;4;0;0;0;8;.571;.000;;West;2017
Draymond Green;GSW;16:31;1;2;0;0;0;0;0;7;7;6;3;0;2;1;2;.500;;;West;2017
DeAndre Jordan;LAC;12:30;3;5;0;2;0;0;0;3;3;2;0;0;0;1;6;.600;.000;;West;2017
DeMarcus Cousins;SAC;02:27;1;3;1;3;0;0;0;0;0;0;1;0;0;0;3;.333;.333;;West;2017
